headline,clickbait,detoxified_headline
We investigated social media addiction — what we found might surprise you.,1,Study uncovers insights into social media addiction.
Everyone's talking about vaccination updates — find out why.,1,Latest vaccination updates and what they mean.
What happened next with space exploration missions shocked the world.,1,Space agencies achieve simultaneous successes in space exploration missions.
We investigated ocean pollution — what we found might surprise you.,1,Study uncovers surprising facts about ocean pollution.
What happened next with vaccination updates shocked the world.,1,Latest vaccination updates: global reactions and responses.
Everyone's talking about AI breakthroughs — find out why.,1,Recent AI advancements spark interest and discussion.
You won't believe what experts are saying about space exploration missions.,1,Experts share insights on recent space exploration missions.
They said TV series finales was impossible — until now.,1,TV series pulls off impressive series finale.
Everyone's talking about climate change — find out why.,1,The latest on climate change: ongoing developments and discussions.
What happened next with DIY home improvement shocked the world.,1,DIY home improvement trend gains global popularity.
Everyone's talking about quantum computing — find out why.,1,Quantum computing gains traction with promising applications.
We investigated vaccination updates — what we found might surprise you.,1,Here are the latest updates on vaccination efforts.
Here's how robotic surgery advancements is making headlines everywhere.,1,Robotic surgery advancements are gaining widespread attention.
Here's how hurricane disaster response is making headlines everywhere.,1,Effective strategies for hurricane disaster response.
You won't believe what experts are saying about climate change.,1,Climate change: Experts share insights and predictions.
The real story behind social media addiction will blow your mind.,1,Understanding social media addiction: a comprehensive analysis.
Everyone's talking about energy crisis — find out why.,1,The energy crisis is a pressing global issue.
Here's how global diplomacy is making headlines everywhere.,1,Recent global diplomacy efforts are making an impact.
Here's how quantum computing is making headlines everywhere.,1,Quantum computing gains traction across industries.
You won't believe what experts are saying about robotic surgery advancements.,1,Latest advancements in robotic surgery: Expert opinions.
Here's how social media addiction is making headlines everywhere.,1,The impact of social media addiction is gaining widespread attention.
Everyone's talking about celebrity scandals — find out why.,1,Recent celebrity scandals spark public interest.
Here's how cybersecurity threats is making headlines everywhere.,1,Cybersecurity threats are making headlines.
We investigated AI breakthroughs — what we found might surprise you.,1,AI breakthroughs: a deeper look and surprising findings.
You won't believe what experts are saying about social media addiction.,1,Latest research reveals concerning insights about social media addiction.
We investigated space exploration missions — what we found might surprise you.,1,Report reveals insights and surprises from space exploration missions.
The real story behind TV series finales will blow your mind.,1,Exploring the creative strategies behind TV series finales.
Here's how celebrity scandals is making headlines everywhere.,1,Recent celebrity scandals attract widespread media attention.
We investigated renewable energy innovation — what we found might surprise you.,1,Renewable energy innovation: our findings and surprises.
Everyone's talking about global diplomacy — find out why.,1,Global diplomacy gains renewed attention with recent developments.
This shocking discovery about TV series finales changes everything.,1,Study reveals surprising trends in TV series finales.
Here's how war in Eastern Europe is making headlines everywhere.,1,Recent developments in the Eastern European conflict are making news.
You won't believe what experts are saying about TV series finales.,1,Experts weigh in on surprising TV series finale trends.
You won't believe what experts are saying about gene editing research.,1,Latest gene editing research sparks debate among experts.
Everyone's talking about hurricane disaster response — find out why.,1,Public discourse focuses on hurricane disaster response and preparedness.
Everyone's talking about economic forecasts — find out why.,1,Latest economic forecasts spark interest and discussion.
We investigated TV series finales — what we found might surprise you.,1,A look into surprising trends in TV series finales.
You won't believe what experts are saying about political unrest.,1,Experts weigh in on political unrest: key insights.
The real story behind DIY home improvement will blow your mind.,1,Uncovering the truth about DIY home improvement.
We investigated celebrity scandals — what we found might surprise you.,1,An investigation into celebrity scandals uncovers intriguing insights.
We investigated economic forecasts — what we found might surprise you.,1,Our analysis of economic forecasts uncovers interesting insights.
Everyone's talking about gene editing research — find out why.,1,Gene-editing research makes headlines with significant advancements.
You won't believe what experts are saying about housing market shifts.,1,Experts weigh in on recent housing market trends.
The real story behind new movie releases will blow your mind.,1,A behind-the-scenes look at the making of recent movie releases.
They said robotic surgery advancements was impossible — until now.,1,Robotic surgery makes significant advancements.
Here's how political unrest is making headlines everywhere.,1,Political unrest continues to dominate news cycles.
You won't believe what experts are saying about celebrity scandals.,1,Experts weigh in on recent celebrity scandals.
You won't believe what experts are saying about renewable energy innovation.,1,Experts highlight promising trends in renewable energy innovation.
Here's how space exploration missions is making headlines everywhere.,1,Space exploration missions: recent developments and media coverage.
You won't believe what experts are saying about war in Eastern Europe.,1,Experts weigh in on the war in Eastern Europe.
Here's how deep sea discoveries is making headlines everywhere.,1,Recent deep sea discoveries attract global attention.
You won't believe what experts are saying about vaccination updates.,1,Latest vaccination updates spark diverse expert opinions.
We investigated robotic surgery advancements — what we found might surprise you.,1,Robotic surgery advancements: our in-depth investigation reveals interesting findings.
What happened next with TV series finales shocked the world.,1,TV series finales bring unexpected twists and surprises.
What happened next with robotic surgery advancements shocked the world.,1,Robotic surgery advancements make groundbreaking progress.
You won't believe what experts are saying about privacy law changes.,1,Experts react to recent privacy law reforms.
This social media addiction event left scientists stunned.,1,Scientists study surprising effects of social media addiction.
Everyone's talking about cybersecurity threats — find out why.,1,Understanding the latest concerns about cybersecurity threats.
They said celebrity scandals was impossible — until now.,1,Recent events reveal surprising insights into celebrity scandals.
What happened next with new movie releases shocked the world.,1,Movie industry surprises audiences with unexpected releases.
They said social media addiction was impossible — until now.,1,Research confirms social media addiction.
Here's how ocean pollution is making headlines everywhere.,1,The impact of ocean pollution is gaining global attention.
You won't believe what experts are saying about DIY home improvement.,1,Expert opinions offer insights into effective DIY home improvement strategies.
We investigated privacy law changes — what we found might surprise you.,1,Privacy law changes: an in-depth analysis and key insights.
We investigated quantum computing — what we found might surprise you.,1,Quantum computing: what you need to know about its potential.
This new movie releases event left scientists stunned.,1,Scientists react to new film about scientific discovery.
You won't believe what experts are saying about ocean pollution.,1,Expert opinions highlight the severity of ocean pollution.
Here's how new movie releases is making headlines everywhere.,1,Recent movie releases are generating buzz.
This shocking discovery about social media addiction changes everything.,1,Research reveals unexpected insights into social media addiction.
Everyone's talking about TV series finales — find out why.,1,Public discourse revolves around controversial TV series finales.
Everyone's talking about deep sea discoveries — find out why.,1,Recent deep sea discoveries spark intrigue in the scientific community.
This shocking discovery about DIY home improvement changes everything.,1,New study highlights benefits of DIY home improvement methods.
Everyone's talking about war in Eastern Europe — find out why.,1,Tensions rise in Eastern Europe as Russia-Ukraine conflict escalates.
Here's how economic forecasts is making headlines everywhere.,1,Latest economic forecasts attract widespread media attention.
You won't believe what experts are saying about new movie releases.,1,Movie critics share their thoughts on recent releases.
Here's how gene editing research is making headlines everywhere.,1,Gene editing research achieves significant progress.
Here's how international trade deals is making headlines everywhere.,1,Recent international trade deals are making news.
This TV series finales event left scientists stunned.,1,Scientists react to popular TV series finale.
We investigated international trade deals — what we found might surprise you.,1,Analysis reveals surprising insights into international trade deals.
Everyone's talking about robotic surgery advancements — find out why.,1,Robotic surgery advancements are making an impact in healthcare.
Here's how climate change is making headlines everywhere.,1,Latest climate change report sparks media frenzy.
Here's how vaccination updates is making headlines everywhere.,1,Latest vaccination developments make headlines.
Everyone's talking about political unrest — find out why.,1,Understanding the latest political unrest.
Here's how privacy law changes is making headlines everywhere.,1,Recent privacy law changes are making news.
You won't believe what experts are saying about cybersecurity threats.,1,Experts discuss emerging cybersecurity threats.
Everyone's talking about ocean pollution — find out why.,1,"The growing concern over ocean pollution, explained."
What happened next with celebrity scandals shocked the world.,1,Latest celebrity scandals spark global controversy.
They said new movie releases was impossible — until now.,1,Upcoming movie releases just got a green light.
You won't believe what experts are saying about international trade deals.,1,Expert opinions vary on the impact of recent international trade deals.
You won't believe what experts are saying about economic forecasts.,1,Experts weigh in on economic forecasts with surprising insights.
We investigated hurricane disaster response — what we found might surprise you.,1,Investigative report sheds light on hurricane disaster response.
What happened next with social media addiction shocked the world.,1,Researchers uncover surprising facts about social media addiction.
This shocking discovery about robotic surgery advancements changes everything.,1,Robotic surgery advancements bring new possibilities to light.
Here's how DIY home improvement is making headlines everywhere.,1,DIY home improvement ideas gaining popularity.
We investigated climate change — what we found might surprise you.,1,Our investigation reveals new insights into climate change.
Everyone's talking about renewable energy innovation — find out why.,1,Renewable energy innovation gains traction: here's why.
Here's how TV series finales is making headlines everywhere.,1,Recent TV series finales spark discussion and reflection.
Everyone's talking about space exploration missions — find out why.,1,Space exploration missions gain widespread attention.
Here's how renewable energy innovation is making headlines everywhere.,1,Recent advancements in renewable energy are making an impact.
Everyone's talking about DIY home improvement — find out why.,1,The benefits of DIY home improvement are gaining popularity.
We investigated DIY home improvement — what we found might surprise you.,1,DIY home improvement ideas that are worth trying.
Everyone's talking about new movie releases — find out why.,1,Here's what's generating buzz about these new movies.
This DIY home improvement event left scientists stunned.,1,DIY enthusiasts and scientists unite at a home improvement expo.
Here's how AI breakthroughs is making headlines everywhere.,1,Recent AI breakthroughs are making news.
We investigated gene editing research — what we found might surprise you.,1,Gene editing research: a closer look at recent developments.
We investigated new movie releases — what we found might surprise you.,1,Recent movie releases: Our review and insights.
Everyone's talking about international trade deals — find out why.,1,The importance of international trade deals and their impact.
They said DIY home improvement was impossible — until now.,1,DIY home improvement made accessible with new techniques.
You won't believe what experts are saying about global diplomacy.,1,Latest global diplomacy developments spark varied expert opinions.
Everyone's talking about social media addiction — find out why.,1,Understanding social media addiction and its impact.
We investigated cybersecurity threats — what we found might surprise you.,1,A look into recent cybersecurity threats and trends.
Everyone's talking about housing market shifts — find out why.,1,Housing market shifts: understanding the key factors.
Everyone's talking about privacy law changes — find out why.,1,Privacy law reforms spark widespread discussion.
You won't believe what experts are saying about quantum computing.,1,Latest quantum computing developments spark excitement among experts.
You won't believe what experts are saying about deep sea discoveries.,1,Experts discuss fascinating findings from deep sea expeditions.
We investigated deep sea discoveries — what we found might surprise you.,1,A look into deep sea exploration and its fascinating findings.
You won't believe what experts are saying about AI breakthroughs.,1,Experts discuss the latest advancements in AI.
This shocking discovery about new movie releases changes everything.,1,Movie studios announce unexpected changes to upcoming releases.
